{
  "Daily_Return": {
    "mean": 0.00023508403618870106,
    "std": 0.02925384381949061,
    "min": -0.15974726027617203,
    "max": 0.1454118392886461
  },
  "Volume": {
    "mean": 26476509310.351486,
    "std": 13480307215.339039,
    "min": 5388116782.0,
    "max": 118992465607.0
  },
  "Dist_to_MA14": {
    "mean": 0.0007363869501677155,
    "std": 0.061201527828464414,
    "min": -0.26876158893462443,
    "max": 0.19867547746650405
  },
  "fng_score": {
    "mean": 44.97029702970297,
    "std": 20.29757822243949,
    "min": 6.0,
    "max": 90.0
  },
  "news_count": {
    "mean": 11.334158415841584,
    "std": 8.107072900454705,
    "min": 0.0,
    "max": 32.0
  },
  "Sentiment_x_Volatility": {
    "mean": 0.0020199597759996565,
    "std": 0.008883096298204062,
    "min": -0.05204675835242193,
    "max": 0.05252803569426905
  },
  "Fear_Pressure": {
    "mean": 0.1349009900990099,
    "std": 0.3418293814120448,
    "min": 0.0,
    "max": 1.0
  },
  "MACD_hist_norm": {
    "mean": -3.0430231503399186e-05,
    "std": 0.010171437176515488,
    "min": -0.049031214891827726,
    "max": 0.025654892837702652
  },
  "BB_Width": {
    "mean": 0.19089296821720453,
    "std": 0.11587170723305731,
    "min": 0.026664705032632713,
    "max": 0.7437551572552268
  },
  "BB_Position": {
    "mean": 0.5103756076122927,
    "std": 0.3337089466420908,
    "min": -0.3559835756870829,
    "max": 1.3481331173920748
  },
  "HL_Range": {
    "mean": 0.03803019377797686,
    "std": 0.026101549353007313,
    "min": 0.003655341281380482,
    "max": 0.20697521171370914
  },
  "Volume_MA_Ratio": {
    "mean": 1.0109466442083945,
    "std": 0.3587120192048627,
    "min": 0.32328622460414863,
    "max": 2.8017785192946656
  }
}